n,trials,average_comparisons,n_log2_n,n_log10_n
30,10,216.500000,147.206718,44.313638
40,10,390.900000,212.877124,64.082400
50,10,618.600000,282.192809,84.948500
60,10,835.500000,354.413436,106.689075
70,10,1235.200000,429.049811,129.156863
80,10,1560.600000,505.754248,152.247199
90,10,2026.700000,584.266779,175.881826
100,10,2490.000000,664.385619,200.000000
110,10,2845.300000,745.949568,224.553195
120,10,3508.400000,828.826871,249.501750
130,10,4329.200000,912.907816,274.812636
140,10,5052.000000,998.099622,300.457925
150,10,5598.900000,1084.322804,326.413689
160,10,6442.400000,1171.508495,352.659197
170,10,7217.800000,1259.596459,379.176317
180,10,8187.200000,1348.533557,405.949051
190,10,9189.200000,1438.272566,432.963184
200,10,9832.700000,1528.771238,460.205999
210,10,11042.300000,1619.991559,487.666052
220,10,12177.400000,1711.899137,515.332990
230,10,13194.900000,1804.462712,543.197402
240,10,13928.400000,1897.653743,571.250698
250,10,15648.300000,1991.446071,599.485002
260,10,17224.600000,2085.815631,627.893070
270,10,18012.900000,2180.740211,656.468216
280,10,19518.000000,2276.199245,685.204249
290,10,20764.200000,2372.173636,714.095419
300,10,22460.500000,2468.645607,743.136376
310,10,24281.300000,2565.598566,772.322125
320,10,25167.300000,2663.016990,801.647993
330,10,27550.900000,2760.886331,831.109600
340,10,29734.700000,2859.192918,860.702832
350,10,30093.900000,2957.923889,890.423816
360,10,32611.400000,3057.067115,920.268900
370,10,34003.700000,3156.611140,950.234638
380,10,35455.100000,3256.545131,980.317767
390,10,38143.200000,3356.858822,1010.515197
400,10,39182.300000,3457.542476,1040.823997
410,10,42013.500000,3558.586841,1071.241381
420,10,44658.800000,3659.983117,1101.764702
430,10,46554.700000,3761.722925,1132.391436
440,10,48723.800000,3863.798274,1163.119178
450,10,51826.600000,3966.201536,1193.945631
460,10,52529.300000,4068.925423,1224.868603
470,10,55052.800000,4171.962965,1255.885993
480,10,57077.100000,4275.307486,1286.995794
490,10,59345.000000,4378.952590,1318.196079
500,10,62225.500000,4482.892142,1349.485002
510,10,65875.100000,4587.120253,1380.860790
520,10,66770.400000,4691.631263,1412.321739
530,10,68886.900000,4796.419731,1443.866211
540,10,71265.500000,4901.480422,1475.492630
550,10,75624.100000,5006.808295,1507.199479
560,10,77677.200000,5112.398489,1538.985295
570,10,80316.200000,5218.246322,1570.848668
580,10,82580.900000,5324.347272,1602.788236
590,10,86522.300000,5430.696975,1634.802687
600,10,89255.700000,5537.291214,1666.890750
610,10,92171.500000,5644.125914,1699.051199
620,10,95287.700000,5751.197131,1731.282847
630,10,99226.900000,5858.501052,1763.584546
640,10,100601.600000,5966.033981,1795.955183
650,10,106941.900000,6073.792340,1828.393682
660,10,108764.300000,6181.772661,1860.898997
670,10,111626.500000,6289.971581,1893.470118
680,10,115469.400000,6398.385837,1926.106061
690,10,118318.700000,6507.012261,1958.805873
700,10,121591.200000,6615.847778,1991.568628
710,10,127228.100000,6724.889402,2024.393428
720,10,128525.000000,6834.134229,2057.279397
730,10,133014.800000,6943.579437,2090.225688
740,10,137798.500000,7053.222281,2123.231473
750,10,140412.500000,7163.060089,2156.295948
760,10,143276.100000,7273.090262,2189.418330
770,10,147594.100000,7383.310269,2222.597858
780,10,151876.600000,7493.717645,2255.833790
790,10,154547.500000,7604.309986,2289.125402
800,10,159330.400000,7715.084952,2322.471990
810,10,163966.500000,7826.040259,2355.872865
820,10,166430.600000,7937.173682,2389.327359
830,10,174262.800000,8048.483047,2422.834817
840,10,174294.800000,8159.966235,2456.394600
850,10,178078.600000,8271.621176,2490.006087
860,10,185255.600000,8383.445851,2523.668668
870,10,188942.600000,8495.438284,2557.381750
880,10,191205.600000,8607.596548,2591.144751
890,10,198520.500000,8719.918758,2624.957106
900,10,202280.200000,8832.403072,2658.818258
910,10,207876.800000,8945.047689,2692.727667
920,10,212165.000000,9057.850847,2726.684801
930,10,214891.200000,9170.810823,2760.689142
940,10,220224.400000,9283.925930,2794.740182
950,10,226298.900000,9397.194518,2828.837425
960,10,228513.700000,9510.614972,2862.980384
970,10,235386.500000,9624.185709,2897.168582
980,10,240525.500000,9737.905180,2931.401554
990,10,246277.500000,9851.771868,2965.678843
1000,10,251191.500000,9965.784285,3000.000000
