n,trial,comparisons
30,1,134
30,2,127
30,3,118
30,4,123
30,5,156
30,6,125
30,7,112
30,8,117
30,9,112
30,10,109
40,1,238
40,2,199
40,3,176
40,4,221
40,5,180
40,6,206
40,7,169
40,8,203
40,9,180
40,10,183
50,1,270
50,2,218
50,3,292
50,4,292
50,5,249
50,6,328
50,7,237
50,8,233
50,9,258
50,10,238
60,1,329
60,2,336
60,3,384
60,4,331
60,5,279
60,6,360
60,7,340
60,8,283
60,9,374
60,10,435
70,1,352
70,2,357
70,3,400
70,4,410
70,5,383
70,6,364
70,7,391
70,8,402
70,9,392
70,10,408
80,1,441
80,2,469
80,3,598
80,4,765
80,5,470
80,6,409
80,7,468
80,8,524
80,9,592
80,10,579
90,1,517
90,2,626
90,3,531
90,4,724
90,5,500
90,6,548
90,7,575
90,8,597
90,9,574
90,10,641
100,1,619
100,2,646
100,3,601
100,4,688
100,5,668
100,6,556
100,7,549
100,8,675
100,9,676
100,10,728
110,1,655
110,2,780
110,3,666
110,4,664
110,5,648
110,6,686
110,7,665
110,8,682
110,9,835
110,10,735
120,1,868
120,2,725
120,3,864
120,4,751
120,5,748
120,6,776
120,7,940
120,8,756
120,9,781
120,10,785
130,1,1064
130,2,817
130,3,950
130,4,938
130,5,1001
130,6,833
130,7,955
130,8,936
130,9,801
130,10,904
140,1,1032
140,2,907
140,3,1073
140,4,980
140,5,890
140,6,912
140,7,915
140,8,1060
140,9,933
140,10,955
150,1,1154
150,2,1040
150,3,1112
150,4,1057
150,5,1007
150,6,1095
150,7,938
150,8,995
150,9,1248
150,10,1151
160,1,1135
160,2,1245
160,3,1346
160,4,1355
160,5,1127
160,6,1132
160,7,1194
160,8,1101
160,9,1137
160,10,1107
170,1,1389
170,2,1254
170,3,1194
170,4,1205
170,5,1164
170,6,1175
170,7,1122
170,8,1333
170,9,1486
170,10,1272
180,1,1358
180,2,1539
180,3,1265
180,4,1336
180,5,1502
180,6,1233
180,7,1265
180,8,1325
180,9,1350
180,10,1511
190,1,1554
190,2,1539
190,3,1308
190,4,1440
190,5,1463
190,6,1560
190,7,1392
190,8,1329
190,9,1612
190,10,1363
200,1,1587
200,2,1480
200,3,1482
200,4,1609
200,5,1499
200,6,1644
200,7,1591
200,8,1668
200,9,1497
200,10,1731
210,1,1569
210,2,1769
210,3,1933
210,4,1839
210,5,1592
210,6,1731
210,7,1495
210,8,1635
210,9,1680
210,10,1662
220,1,1686
220,2,1938
220,3,1728
220,4,1708
220,5,1792
220,6,1653
220,7,1776
220,8,1811
220,9,1701
220,10,1973
230,1,1714
230,2,1780
230,3,2094
230,4,1662
230,5,1907
230,6,1887
230,7,2089
230,8,1952
230,9,1714
230,10,2096
240,1,1796
240,2,1909
240,3,1884
240,4,1862
240,5,1955
240,6,2117
240,7,1747
240,8,2075
240,9,1742
240,10,2164
250,1,2033
250,2,2149
250,3,1940
250,4,2221
250,5,2161
250,6,2058
250,7,2234
250,8,2186
250,9,2054
250,10,1991
260,1,2096
260,2,2239
260,3,1990
260,4,2002
260,5,2069
260,6,1976
260,7,2168
260,8,2038
260,9,1920
260,10,2023
270,1,2084
270,2,2316
270,3,2322
270,4,2212
270,5,2299
270,6,2326
270,7,2279
270,8,2155
270,9,2300
270,10,2475
280,1,2378
280,2,2470
280,3,2289
280,4,2465
280,5,2575
280,6,2323
280,7,2714
280,8,2393
280,9,2742
280,10,2659
290,1,2775
290,2,2872
290,3,2490
290,4,2465
290,5,2224
290,6,2517
290,7,2384
290,8,2489
290,9,2616
290,10,2414
300,1,2631
300,2,2384
300,3,2347
300,4,2710
300,5,2761
300,6,2488
300,7,2576
300,8,2903
300,9,2448
300,10,2728
310,1,2641
310,2,2691
310,3,2890
310,4,2555
310,5,2903
310,6,2835
310,7,2531
310,8,2493
310,9,2646
310,10,2567
320,1,2593
320,2,2920
320,3,2635
320,4,2734
320,5,2869
320,6,2861
320,7,2907
320,8,2661
320,9,2589
320,10,2715
330,1,3028
330,2,2906
330,3,3423
330,4,2850
330,5,2652
330,6,2902
330,7,3056
330,8,3114
330,9,2834
330,10,2877
340,1,2760
340,2,2982
340,3,2954
340,4,2943
340,5,2672
340,6,2794
340,7,3411
340,8,3011
340,9,3651
340,10,3029
350,1,2945
350,2,2953
350,3,3140
350,4,3001
350,5,2796
350,6,2794
350,7,3131
350,8,2789
350,9,3854
350,10,2920
360,1,3860
360,2,3242
360,3,3467
360,4,3424
360,5,3121
360,6,3011
360,7,3265
360,8,3705
360,9,3132
360,10,2967
370,1,3131
370,2,3228
370,3,3867
370,4,3290
370,5,3182
370,6,2935
370,7,3409
370,8,3206
370,9,3803
370,10,3072
380,1,3878
380,2,3172
380,3,3632
380,4,3810
380,5,3137
380,6,3413
380,7,3756
380,8,3358
380,9,3677
380,10,3226
390,1,3507
390,2,3364
390,3,3495
390,4,3714
390,5,3493
390,6,3868
390,7,3484
390,8,3881
390,9,3586
390,10,3431
400,1,3342
400,2,3966
400,3,3577
400,4,3684
400,5,3521
400,6,3766
400,7,3769
400,8,4070
400,9,3645
400,10,3656
410,1,3765
410,2,3739
410,3,3883
410,4,3786
410,5,3611
410,6,3550
410,7,4123
410,8,3853
410,9,4056
410,10,3506
420,1,3576
420,2,4109
420,3,3924
420,4,4150
420,5,3640
420,6,3721
420,7,3991
420,8,3888
420,9,3567
420,10,3889
430,1,3969
430,2,3641
430,3,4000
430,4,4194
430,5,4253
430,6,4089
430,7,3561
430,8,4140
430,9,3847
430,10,3937
440,1,3834
440,2,3849
440,3,4038
440,4,3893
440,5,4395
440,6,4524
440,7,4031
440,8,4172
440,9,4748
440,10,4076
450,1,4028
450,2,4618
450,3,4476
450,4,4452
450,5,4046
450,6,4319
450,7,4650
450,8,3872
450,9,3978
450,10,3988
460,1,4457
460,2,4446
460,3,4967
460,4,3855
460,5,4501
460,6,4028
460,7,4867
460,8,4033
460,9,4508
460,10,4500
470,1,4171
470,2,4603
470,3,4688
470,4,4291
470,5,4857
470,6,4641
470,7,4863
470,8,4358
470,9,4226
470,10,4284
480,1,4364
480,2,4714
480,3,4623
480,4,4441
480,5,4755
480,6,4420
480,7,4627
480,8,4427
480,9,4144
480,10,4531
490,1,4864
490,2,4455
490,3,4811
490,4,5263
490,5,4581
490,6,4603
490,7,4459
490,8,4623
490,9,4672
490,10,4293
500,1,4859
500,2,4700
500,3,4716
500,4,4688
500,5,4392
500,6,5640
500,7,4908
500,8,4422
500,9,4953
500,10,4657
510,1,4694
510,2,5243
510,3,4850
510,4,4795
510,5,4879
510,6,5626
510,7,4827
510,8,5520
510,9,4520
510,10,5475
520,1,5015
520,2,5518
520,3,4623
520,4,5235
520,5,4906
520,6,5076
520,7,5571
520,8,5262
520,9,5468
520,10,4605
530,1,5192
530,2,5087
530,3,5258
530,4,5358
530,5,4994
530,6,4975
530,7,5706
530,8,4518
530,9,5151
530,10,5438
540,1,5942
540,2,5405
540,3,5037
540,4,5881
540,5,5237
540,6,5220
540,7,5297
540,8,4849
540,9,5601
540,10,5335
550,1,5369
550,2,5119
550,3,5187
550,4,5426
550,5,5815
550,6,5557
550,7,5674
550,8,5217
550,9,5226
550,10,5796
560,1,5562
560,2,5026
560,3,5800
560,4,5243
560,5,5410
560,6,6204
560,7,5394
560,8,6240
560,9,5315
560,10,5937
570,1,5698
570,2,5395
570,3,5112
570,4,5935
570,5,5520
570,6,5631
570,7,5663
570,8,5707
570,9,6545
570,10,6114
580,1,5709
580,2,5344
580,3,6171
580,4,5633
580,5,6817
580,6,5659
580,7,5590
580,8,5494
580,9,5477
580,10,6141
590,1,5854
590,2,5849
590,3,6201
590,4,5779
590,5,5970
590,6,6249
590,7,6101
590,8,5698
590,9,5774
590,10,5696
600,1,5765
600,2,5466
600,3,6252
600,4,6033
600,5,5424
600,6,6697
600,7,5549
600,8,6185
600,9,5605
600,10,5940
610,1,6636
610,2,5966
610,3,6278
610,4,5583
610,5,6540
610,6,5809
610,7,5894
610,8,5619
610,9,6724
610,10,5858
620,1,5859
620,2,6125
620,3,5632
620,4,5965
620,5,6851
620,6,5864
620,7,5911
620,8,6453
620,9,6070
620,10,7334
630,1,6303
630,2,5802
630,3,6311
630,4,6160
630,5,5970
630,6,6714
630,7,6639
630,8,6193
630,9,6028
630,10,5644
640,1,5858
640,2,6845
640,3,6252
640,4,6468
640,5,6026
640,6,6143
640,7,6432
640,8,6628
640,9,6237
640,10,6800
650,1,6519
650,2,7392
650,3,6849
650,4,6420
650,5,6534
650,6,6074
650,7,6740
650,8,6759
650,9,6821
650,10,6264
660,1,6683
660,2,7703
660,3,6352
660,4,6126
660,5,6725
660,6,6555
660,7,7378
660,8,7077
660,9,6390
660,10,6819
670,1,6418
670,2,6956
670,3,6554
670,4,6624
670,5,7127
670,6,6837
670,7,7220
670,8,7113
670,9,6735
670,10,6950
680,1,6574
680,2,7095
680,3,7043
680,4,6603
680,5,6661
680,6,6736
680,7,6958
680,8,6551
680,9,7289
680,10,6798
690,1,8733
690,2,6847
690,3,6814
690,4,7354
690,5,7075
690,6,7433
690,7,6613
690,8,7036
690,9,6514
690,10,6716
700,1,6871
700,2,7405
700,3,7197
700,4,7211
700,5,7251
700,6,7122
700,7,7200
700,8,6891
700,9,7170
700,10,6680
710,1,6661
710,2,7526
710,3,7356
710,4,7174
710,5,7520
710,6,6973
710,7,8273
710,8,7439
710,9,7896
710,10,7093
720,1,7329
720,2,7385
720,3,6922
720,4,7142
720,5,7473
720,6,7430
720,7,6946
720,8,6714
720,9,7028
720,10,6749
730,1,8078
730,2,6772
730,3,7295
730,4,7339
730,5,7587
730,6,7721
730,7,8340
730,8,8710
730,9,8288
730,10,8144
740,1,8161
740,2,7678
740,3,8693
740,4,7795
740,5,7452
740,6,7936
740,7,7268
740,8,7089
740,9,7669
740,10,7239
750,1,7577
750,2,7458
750,3,8122
750,4,7615
750,5,7967
750,6,7554
750,7,7453
750,8,7275
750,9,7991
750,10,7757
760,1,7809
760,2,7286
760,3,8070
760,4,7913
760,5,8257
760,6,8197
760,7,7503
760,8,8517
760,9,8223
760,10,7604
770,1,7389
770,2,8918
770,3,8432
770,4,7755
770,5,8487
770,6,8149
770,7,8270
770,8,8432
770,9,7653
770,10,7989
780,1,8377
780,2,8025
780,3,10393
780,4,8412
780,5,8380
780,6,7969
780,7,8874
780,8,8317
780,9,8180
780,10,7811
790,1,7821
790,2,8399
790,3,9194
790,4,9808
790,5,8014
790,6,8079
790,7,8640
790,8,8030
790,9,8849
790,10,7641
800,1,8026
800,2,7792
800,3,7811
800,4,8581
800,5,9259
800,6,8653
800,7,7761
800,8,9306
800,9,8067
800,10,8308
810,1,8184
810,2,8121
810,3,8143
810,4,8685
810,5,8136
810,6,9083
810,7,8249
810,8,9419
810,9,8857
810,10,8723
820,1,8837
820,2,8617
820,3,8488
820,4,8651
820,5,8461
820,6,9493
820,7,8408
820,8,8079
820,9,8686
820,10,8577
830,1,7994
830,2,8107
830,3,9662
830,4,9151
830,5,8310
830,6,9907
830,7,9092
830,8,9385
830,9,8526
830,10,8230
840,1,9781
840,2,8437
840,3,8316
840,4,8955
840,5,8631
840,6,8458
840,7,8591
840,8,9521
840,9,8659
840,10,8225
850,1,9497
850,2,9853
850,3,8117
850,4,9677
850,5,8974
850,6,8712
850,7,8742
850,8,9034
850,9,8584
850,10,9685
860,1,8908
860,2,8960
860,3,8594
860,4,9193
860,5,9341
860,6,8803
860,7,10092
860,8,9195
860,9,8875
860,10,9591
870,1,8659
870,2,9315
870,3,9888
870,4,8881
870,5,8828
870,6,9940
870,7,10086
870,8,9534
870,9,9285
870,10,8947
880,1,9048
880,2,9520
880,3,9582
880,4,8863
880,5,9623
880,6,9165
880,7,9979
880,8,9323
880,9,9150
880,10,9678
890,1,9591
890,2,8964
890,3,9375
890,4,10213
890,5,8690
890,6,9552
890,7,9257
890,8,9460
890,9,9072
890,10,9406
900,1,9595
900,2,9582
900,3,9755
900,4,8927
900,5,9773
900,6,9624
900,7,9432
900,8,9929
900,9,10536
900,10,9187
910,1,9787
910,2,9525
910,3,10043
910,4,10527
910,5,9660
910,6,9539
910,7,9262
910,8,10275
910,9,9473
910,10,9991
920,1,10133
920,2,9490
920,3,9531
920,4,10193
920,5,9277
920,6,10030
920,7,8713
920,8,9762
920,9,9832
920,10,9656
930,1,10448
930,2,9929
930,3,9455
930,4,9423
930,5,11203
930,6,10765
930,7,10486
930,8,11343
930,9,10257
930,10,10520
940,1,10425
940,2,9691
940,3,9737
940,4,9492
940,5,9770
940,6,10355
940,7,10837
940,8,9935
940,9,9767
940,10,9829
950,1,11656
950,2,10467
950,3,10604
950,4,9204
950,5,9577
950,6,10066
950,7,10087
950,8,10873
950,9,10292
950,10,9757
960,1,10900
960,2,10705
960,3,9907
960,4,10268
960,5,9809
960,6,11492
960,7,10692
960,8,10416
960,9,10179
960,10,10017
970,1,10352
970,2,11156
970,3,10414
970,4,9855
970,5,10624
970,6,11218
970,7,10726
970,8,10920
970,9,10294
970,10,10969
980,1,10725
980,2,10846
980,3,10915
980,4,10535
980,5,10871
980,6,11200
980,7,10350
980,8,10909
980,9,11649
980,10,11292
990,1,10364
990,2,10519
990,3,10439
990,4,10837
990,5,11479
990,6,11233
990,7,10460
990,8,10581
990,9,10654
990,10,11094
1000,1,11815
1000,2,11329
1000,3,10722
1000,4,10090
1000,5,10358
1000,6,9874
1000,7,10889
1000,8,10381
1000,9,10513
1000,10,11676
